id,car_make,car_model,car_year,car_color,price,date,sales
1,Mazda,Mazda5,2009,Maroon,82511.54,2019-09-11,66
2,Lincoln,LS,2001,Teal,21112.34,2019-02-25,24
3,Volkswagen,Quantum,1984,Red,48037.76,2019-06-17,63
4,Nissan,370Z,2012,Fuscia,70165.25,2019-03-23,66
5,Nissan,Quest,1996,Fuscia,92492.77,2019-06-11,38
6,Audi,A8,2000,Blue,98397.43,2019-01-14,60
7,Cadillac,Seville,1997,Turquoise,93470.92,2019-06-20,70
8,Lexus,LX,2000,Khaki,63280.66,2019-09-18,74
9,Infiniti,QX,2007,Khaki,22232.01,2019-06-13,45
10,BMW,Z4,2010,Orange,52219.41,2019-08-08,95
11,Mazda,626,1984,Aquamarine,97834.13,2019-03-04,58
12,Hyundai,Sonata,1994,Maroon,99691.35,2019-05-13,31
13,Buick,Park Avenue,2004,Violet,60940.69,2019-06-03,1
14,Daihatsu,Charade,1992,Blue,88778.21,2019-03-23,26
15,Pontiac,Grand Prix,1982,Mauv,34350.33,2019-07-28,20
16,Lexus,GS,2001,Pink,95913.07,2019-07-13,20
17,Lexus,RX,2011,Teal,21351.91,2019-05-16,5
18,Ford,Flex,2009,Purple,78746.73,2019-03-11,34
19,Ford,Taurus,2003,Goldenrod,60946.45,2019-09-14,100
20,Subaru,Forester,2000,Pink,23403.46,2019-06-06,10
21,Volkswagen,Jetta,1989,Orange,39759.31,2019-02-16,31
22,Mercedes-Benz,M-Class,2009,Crimson,80262.43,2019-05-27,57
23,Nissan,240SX,1997,Blue,17835.90,2018-12-04,99
24,Ford,Ranger,1999,Mauv,36075.17,2019-05-04,4
25,Dodge,Dynasty,1992,Aquamarine,72308.29,2019-08-16,35
26,Mazda,929,1993,Mauv,88798.06,2018-12-11,80
27,GMC,Suburban 1500,1997,Green,20010.27,2019-05-21,79
28,Chevrolet,Colorado,2010,Orange,18197.64,2018-11-09,33
29,Chrysler,300,1999,Red,30158.66,2018-12-19,43
30,Toyota,Celica,1994,Mauv,40915.65,2019-01-13,42
31,Mitsubishi,GTO,1998,Teal,84155.26,2019-02-22,34
32,Citroën,2CV,1948,Teal,18528.23,2019-03-06,16
33,Maybach,Landaulet,2009,Indigo,33735.25,2018-11-01,73
34,Volkswagen,GTI,1998,Pink,46281.66,2019-08-18,58
35,Ford,F-Series,1989,Crimson,87559.54,2019-03-27,37
36,Cadillac,Eldorado,1997,Blue,84399.45,2019-05-17,21
37,Pontiac,GTO,1970,Turquoise,83429.43,2019-05-25,96
38,Chevrolet,TrailBlazer,2004,Goldenrod,83352.82,2019-02-22,89
39,Hummer,H2,2008,Turquoise,48006.41,2019-07-28,46
40,Infiniti,G35,2008,Fuscia,69225.21,2019-01-10,61
41,Maybach,57S,2005,Purple,27109.76,2018-10-11,65
42,Chevrolet,Colorado,2007,Purple,66642.55,2018-11-04,20
43,Dodge,Ram Van 1500,2003,Pink,83315.63,2019-04-24,75
44,Porsche,944,1990,Green,93789.31,2019-07-21,14
45,Subaru,Legacy,1993,Goldenrod,22807.66,2019-05-13,47
46,Maserati,Quattroporte,2010,Violet,64709.18,2019-08-15,84
47,Hyundai,Elantra,1998,Indigo,95011.50,2019-04-17,28
48,Chrysler,PT Cruiser,2001,Purple,23861.72,2019-02-28,37
49,Acura,RSX,2005,Aquamarine,19730.30,2018-10-07,2
50,Lincoln,Town Car,1996,Purple,78963.39,2019-08-01,29
51,Lamborghini,Countach,1985,Puce,49388.10,2019-05-25,40
52,Hummer,H2 SUV,2006,Violet,59708.95,2018-12-08,68
53,Mercedes-Benz,300SD,1993,Purple,39298.67,2019-06-01,4
54,Volkswagen,GTI,1995,Purple,30133.51,2019-02-23,100
55,Porsche,Cayman,2006,Crimson,13084.11,2018-11-17,87
56,Ford,E350,2007,Puce,44226.90,2019-02-16,64
57,Ford,E-Series,2005,Aquamarine,18138.48,2019-07-05,15
58,BMW,Z3,1998,Fuscia,81614.60,2019-03-31,72
59,Chevrolet,HHR,2009,Mauv,45406.46,2019-05-14,48
60,Infiniti,I,2001,Mauv,67658.36,2018-10-13,48
61,Chrysler,New Yorker,1996,Crimson,69997.65,2018-12-03,63
62,Chevrolet,Express 1500,2011,Pink,70206.02,2019-04-27,20
63,Kia,Sedona,2009,Khaki,69427.01,2019-03-17,38
64,Ford,E250,2012,Indigo,43072.15,2018-11-06,86
65,Nissan,Pathfinder,1999,Indigo,17705.11,2019-04-10,40
66,Mercedes-Benz,C-Class,2010,Blue,15311.34,2019-08-19,94
67,Volkswagen,New Beetle,2007,Yellow,95509.17,2019-03-23,67
68,Cadillac,CTS-V,2012,Orange,12097.75,2019-05-30,49
69,Pontiac,Firebird,1985,Goldenrod,25893.87,2019-07-21,14
70,Audi,S4,2013,Maroon,21980.94,2019-01-30,41
71,Honda,Insight,2010,Red,63619.49,2019-05-16,82
72,Honda,Accord,1992,Red,95025.46,2018-11-17,30
73,BMW,6 Series,2006,Goldenrod,70559.74,2018-11-25,47
74,Chevrolet,Classic,2005,Blue,24343.39,2018-11-11,90
75,Land Rover,Discovery,2002,Maroon,80196.63,2018-12-31,90
76,Lexus,RX,2000,Red,60139.69,2018-11-19,2
77,Volkswagen,Golf,1987,Maroon,69833.51,2019-06-16,85
78,Volkswagen,Eurovan,1995,Mauv,27670.38,2018-12-06,57
79,Nissan,Xterra,2009,Maroon,23659.82,2019-08-18,89
80,Ferrari,612 Scaglietti,2008,Indigo,64084.42,2018-12-06,77
81,GMC,Savana 3500,2012,Purple,21725.70,2019-01-05,91
82,Daewoo,Leganza,2000,Khaki,68728.79,2019-04-29,5
83,Land Rover,Range Rover,1993,Green,93911.59,2019-01-22,32
84,Land Rover,Discovery,2001,Khaki,85164.14,2018-11-20,36
85,GMC,2500 Club Coupe,1996,Fuscia,35695.31,2018-11-27,19
86,Lincoln,Navigator,2005,Green,35119.19,2019-04-01,61
87,Lincoln,Navigator,2002,Teal,83101.14,2019-05-14,14
88,Jensen,Interceptor,1966,Aquamarine,54675.07,2018-12-19,93
89,Jeep,Liberty,2009,Indigo,47963.75,2018-11-04,65
90,Mazda,B-Series,2005,Aquamarine,96401.85,2018-10-28,52
91,Honda,CR-V,2004,Violet,88946.34,2018-12-07,38
92,Land Rover,Range Rover Evoque,2012,Blue,98845.93,2019-06-16,36
93,Kia,Optima,2008,Turquoise,81494.67,2019-02-16,17
94,Volkswagen,GTI,1991,Maroon,94349.01,2019-02-28,36
95,Ford,Club Wagon,1998,Maroon,89578.01,2018-12-02,100
96,Ford,E150,2003,Mauv,38637.68,2019-02-01,68
97,Cadillac,Eldorado,1995,Violet,39397.18,2019-09-07,26
98,Mercury,Grand Marquis,1993,Khaki,70388.60,2018-12-17,57
99,Chevrolet,Tahoe,2003,Goldenrod,14959.06,2019-02-17,12
100,Pontiac,Grand Prix,1970,Turquoise,15600.64,2019-01-03,14
101,Ferrari,599 GTB Fiorano,2007,Orange,89993.36,2019-05-25,88
102,Mazda,626,1996,Puce,28556.42,2018-11-29,68
103,Lexus,GX,2012,Turquoise,78507.76,2019-01-09,32
104,Mercedes-Benz,E-Class,1992,Violet,97678.21,2019-03-22,57
105,Buick,LeSabre,2002,Orange,36969.83,2018-12-06,41
106,Plymouth,Volare,1976,Red,17134.77,2019-05-23,100
107,Maserati,GranTurismo,2011,Mauv,97920.56,2019-06-03,44
108,Chevrolet,Caprice Classic,1993,Red,20720.57,2019-01-30,1
109,Chevrolet,Prizm,1999,Indigo,35909.25,2019-08-10,4
110,Ford,F250,2009,Blue,48962.33,2019-08-06,21
111,Lexus,HS,2010,Indigo,66527.70,2018-11-02,49
112,Lotus,Esprit,1985,Crimson,57076.51,2018-10-28,29
113,Hummer,H3,2008,Indigo,81018.71,2019-06-06,37
114,Audi,V8,1994,Goldenrod,69964.67,2019-08-09,23
115,Isuzu,VehiCROSS,1999,Goldenrod,19732.66,2019-06-27,76
116,Dodge,Ramcharger,1992,Aquamarine,95897.65,2019-08-27,11
117,Mercedes-Benz,SLR McLaren,2009,Aquamarine,40007.44,2019-03-14,95
118,Lexus,ES,1990,Green,25883.61,2019-07-29,40
119,Acura,RL,1999,Purple,15777.15,2018-11-18,91
120,Hyundai,Genesis,2012,Turquoise,52477.38,2019-01-11,96
121,Subaru,Impreza,2000,Purple,94450.87,2019-06-08,6
122,BMW,M,2000,Indigo,12420.27,2019-06-03,4
123,Acura,SLX,1998,Puce,15579.58,2018-12-27,25
124,Lexus,LX,2001,Violet,38164.89,2019-06-22,18
125,Pontiac,Firefly,1985,Pink,90831.10,2019-06-10,84
126,Toyota,Avalon,2005,Purple,16617.79,2019-05-15,61
127,Mercedes-Benz,M-Class,2003,Mauv,72287.28,2019-04-08,56
128,Saab,900,1993,Turquoise,79814.37,2019-02-27,69
129,BMW,645,2005,Goldenrod,67584.22,2019-03-17,87
130,Mercury,Sable,2008,Indigo,21912.45,2019-02-03,0
131,Lincoln,Mark LT,2006,Yellow,76304.92,2019-05-20,96
132,Volvo,S80,2005,Mauv,76068.32,2019-08-23,88
133,Plymouth,Acclaim,1993,Pink,44202.64,2019-02-06,3
134,BMW,5 Series,1998,Crimson,70162.77,2019-03-05,50
135,Dodge,Colt,1989,Mauv,33276.38,2018-11-27,71
136,Nissan,Armada,2005,Blue,85637.35,2018-12-01,75
137,Mercury,Grand Marquis,2005,Goldenrod,70855.15,2019-01-19,93
138,Audi,80,1991,Yellow,34853.13,2018-10-03,98
139,Chevrolet,Silverado 1500,2003,Blue,87002.44,2018-10-26,69
140,Mazda,RX-8,2008,Goldenrod,84977.29,2019-07-11,52
141,Toyota,Camry,2003,Purple,92510.45,2019-06-13,88
142,Hyundai,Equus,2011,Teal,79516.94,2019-07-20,74
143,Audi,Q7,2011,Fuscia,87704.49,2019-01-12,55
144,Porsche,911,2007,Crimson,83466.27,2018-11-29,88
145,Cadillac,STS,2008,Yellow,53598.33,2019-09-21,96
146,Volvo,940,1995,Puce,10736.74,2019-08-05,31
147,Pontiac,GTO,1967,Violet,44987.39,2019-01-28,57
148,Ford,Expedition,2006,Puce,19134.84,2019-07-11,96
149,Suzuki,Vitara,2000,Fuscia,17167.72,2019-08-29,42
150,Bentley,Continental GTC,2010,Orange,13995.95,2019-01-12,42
151,Mazda,MX-6,1991,Aquamarine,30198.66,2019-01-24,10
152,Kia,Sorento,2003,Goldenrod,84103.12,2019-03-17,4
153,GMC,Sierra 1500,2000,Indigo,77305.07,2019-02-03,3
154,Chevrolet,Camaro,1969,Aquamarine,96202.56,2019-07-01,16
155,Volvo,V90,1997,Purple,54094.15,2019-01-13,85
156,GMC,Sierra 1500,2009,Yellow,71814.71,2018-11-25,95
157,Dodge,D150,1992,Maroon,29079.34,2019-04-16,73
158,Volvo,V50,2005,Turquoise,51450.70,2019-03-30,57
159,BMW,7 Series,1996,Mauv,49050.07,2019-07-27,90
160,Lexus,ES,2011,Goldenrod,54278.08,2019-06-09,82
161,Lincoln,Navigator L,2010,Crimson,18158.26,2018-10-28,63
162,Lotus,Exige,2011,Khaki,94939.26,2019-04-14,6
163,Oldsmobile,Cutlass Supreme,1995,Maroon,33895.64,2019-01-09,6
164,Plymouth,Voyager,1997,Orange,17984.77,2019-07-22,48
165,MINI,Cooper Countryman,2011,Turquoise,71424.52,2019-04-04,57
166,Honda,Accord,1993,Goldenrod,62775.58,2019-08-09,70
167,Hyundai,Veloster,2012,Mauv,98580.99,2019-02-17,25
168,Pontiac,Grand Am,2002,Puce,49277.71,2019-07-10,83
169,Pontiac,6000,1988,Pink,49917.32,2019-08-02,85
170,Subaru,Forester,2007,Green,56730.45,2018-10-12,99
171,GMC,Vandura G1500,1995,Fuscia,58817.83,2019-05-30,88
172,BMW,3 Series,2009,Aquamarine,10344.35,2019-05-19,31
173,Cadillac,DeVille,1994,Goldenrod,25726.65,2018-10-19,59
174,Mitsubishi,Outlander,2010,Blue,61934.62,2019-07-21,14
175,Chrysler,Pacifica,2008,Goldenrod,13337.22,2018-10-27,68
176,Ford,Taurus,2000,Goldenrod,52209.24,2019-03-02,41
177,Mercedes-Benz,400E,1992,Goldenrod,13138.68,2018-11-17,75
178,Chrysler,Town & Country,2000,Mauv,26179.52,2019-09-17,42
179,Toyota,Prius,2005,Goldenrod,41997.76,2019-04-27,31
180,Chevrolet,Tracker,2001,Aquamarine,65577.10,2018-11-30,39
181,Land Rover,Discovery,1995,Pink,98786.70,2019-01-18,64
182,Chrysler,Town & Country,2007,Goldenrod,31033.40,2019-07-20,97
183,Saab,900,1992,Fuscia,19545.25,2019-04-29,95
184,Hyundai,Sonata,2008,Teal,13292.00,2018-12-14,19
185,Buick,Riviera,1999,Purple,36284.78,2019-08-07,54
186,Maserati,Karif,1990,Purple,81662.17,2019-07-24,39
187,Buick,Skylark,1989,Maroon,15046.24,2019-04-16,58
188,Audi,Q7,2008,Pink,52503.36,2019-09-27,57
189,Chevrolet,Impala SS,1994,Orange,14849.91,2019-08-20,30
190,Cadillac,CTS,2003,Green,26481.05,2019-09-16,13
191,Mercury,Cougar,1985,Turquoise,55467.27,2019-02-04,11
192,Dodge,Dakota Club,1999,Teal,47953.84,2019-05-19,1
193,Ford,Explorer,2009,Khaki,40437.29,2018-11-30,75
194,Nissan,Maxima,2012,Fuscia,18289.05,2019-06-20,6
195,Mercury,Grand Marquis,1984,Maroon,10388.24,2019-08-25,37
196,GMC,Envoy XL,2003,Aquamarine,28773.10,2019-05-03,86
197,Chevrolet,Sportvan G30,1993,Goldenrod,66361.67,2019-01-28,25
198,Dodge,Caliber,2008,Purple,94358.69,2019-05-03,5
199,Acura,RDX,2012,Red,77728.93,2018-10-25,90
200,Dodge,Neon,1995,Indigo,91149.49,2018-10-26,24
201,Saab,9000,1991,Goldenrod,14765.56,2019-09-13,59
202,Oldsmobile,Aurora,1995,Crimson,62839.17,2019-02-11,36
203,Mercedes-Benz,GL-Class,2008,Fuscia,84957.42,2018-12-14,4
204,Pontiac,Grand Am,1992,Khaki,49381.62,2019-06-11,57
205,Plymouth,Acclaim,1995,Indigo,46832.43,2018-10-25,58
206,Cadillac,XLR,2004,Teal,79067.54,2019-05-19,100
207,Mercedes-Benz,G-Class,2002,Crimson,65400.58,2018-12-31,63
208,Audi,A6,2000,Red,70280.49,2019-09-11,23
209,Mitsubishi,3000GT,1994,Red,67367.80,2019-05-22,44
210,Mercedes-Benz,SL-Class,2011,Blue,77243.85,2019-08-07,16
211,Mercury,Milan,2007,Mauv,57189.96,2018-10-11,51
212,Mercedes-Benz,GL-Class,2011,Goldenrod,77869.45,2019-08-03,40
213,Nissan,Sentra,1996,Maroon,10223.98,2018-11-05,67
214,Toyota,Avalon,1995,Goldenrod,21577.30,2019-05-15,36
215,Ford,Econoline E350,1994,Yellow,75640.87,2018-10-05,26
216,Ford,Thunderbird,1994,Crimson,83090.81,2018-10-02,1
217,Lincoln,Mark VIII,1997,Red,27837.23,2019-09-28,8
218,Volkswagen,Type 2,1987,Fuscia,47305.18,2019-09-11,62
219,Chevrolet,S10,1994,Red,58648.31,2019-04-10,52
220,Jaguar,X-Type,2006,Violet,17358.44,2018-12-21,18
221,Ford,Fusion,2011,Green,16279.37,2019-06-25,60
222,Lexus,LS,2004,Green,85206.29,2019-04-16,82
223,Toyota,RAV4,2000,Red,64902.26,2019-02-10,5
224,Pontiac,Aztek,2004,Teal,88042.56,2019-02-22,56
225,Ford,Mustang,2013,Orange,91686.85,2018-10-08,20
226,Mercedes-Benz,SL-Class,2011,Blue,61380.69,2019-06-14,30
227,Dodge,Ram 1500 Club,1996,Purple,56119.26,2019-09-24,19
228,Pontiac,Safari,1989,Blue,60343.55,2019-05-19,85
229,Acura,Legend,1993,Yellow,26301.40,2019-09-24,48
230,Mercedes-Benz,G-Class,2007,Mauv,87090.49,2018-12-25,5
231,Lexus,RX,1999,Mauv,71141.26,2019-09-08,14
232,Dodge,Spirit,1995,Crimson,82643.94,2019-02-17,34
233,GMC,Vandura 1500,1993,Pink,71239.06,2019-02-11,25
234,Suzuki,SJ,1990,Teal,77920.98,2019-02-05,63
235,GMC,Sonoma,2004,Crimson,95800.26,2018-11-14,46
236,Mercury,Mariner,2006,Teal,12586.76,2019-03-07,56
237,Ford,F250,1992,Maroon,56971.38,2019-01-03,93
238,Suzuki,SX4,2011,Turquoise,11846.88,2019-09-25,79
239,Volkswagen,Touareg,2011,Fuscia,63142.82,2019-02-02,70
240,Jaguar,S-Type,2002,Fuscia,99069.57,2019-04-15,73
241,Jeep,Commander,2009,Fuscia,23532.72,2019-07-25,99
242,Hyundai,Sonata,2011,Maroon,64925.78,2019-09-18,13
243,Mitsubishi,Challenger,2000,Goldenrod,22365.41,2018-11-21,59
244,Pontiac,Grand Prix,1991,Mauv,57490.11,2019-04-19,40
245,BMW,M5,2010,Aquamarine,33891.10,2019-01-24,95
246,Land Rover,Discovery,2004,Mauv,72821.64,2019-04-08,60
247,Hyundai,Sonata,1998,Fuscia,57723.42,2019-06-04,82
248,Mitsubishi,Lancer,2011,Purple,22256.87,2019-05-14,67
249,Cadillac,Escalade ESV,2004,Red,27441.97,2018-10-28,99
250,Chevrolet,S10,1992,Blue,75269.84,2019-06-27,50
251,Nissan,Leaf,2011,Orange,12627.73,2018-10-20,44
252,Lexus,SC,2008,Red,91649.78,2019-09-03,20
253,Chevrolet,Camaro,2011,Aquamarine,84622.15,2019-04-16,52
254,Subaru,Outback,2000,Indigo,48423.02,2019-08-07,32
255,Ford,F150,2012,Purple,25360.65,2018-11-25,50
256,Dodge,Dakota Club,1995,Orange,47298.84,2018-11-10,79
257,Scion,xA,2006,Purple,10991.82,2018-10-30,92
258,Chevrolet,Caprice,1977,Maroon,12283.98,2019-09-25,3
259,Cadillac,SRX,2012,Green,51845.34,2019-07-24,51
260,Cadillac,STS,2008,Teal,32581.63,2019-02-10,38
261,Ford,Thunderbird,1988,Green,26591.86,2019-01-13,24
262,Cadillac,Seville,2003,Mauv,81871.47,2018-12-24,66
263,Ford,F450,2012,Orange,16562.50,2019-08-31,71
264,Chrysler,Town & Country,1999,Goldenrod,95289.25,2019-02-18,64
265,Saturn,VUE,2009,Aquamarine,42876.38,2019-05-03,83
266,Nissan,Altima,1996,Aquamarine,74871.26,2019-07-11,44
267,Lincoln,Navigator L,2011,Turquoise,10506.36,2019-02-22,87
268,Infiniti,QX56,2012,Orange,88532.74,2019-09-27,59
269,Chevrolet,3500,1998,Goldenrod,26727.27,2018-11-30,92
270,GMC,Vandura G2500,1995,Crimson,22538.56,2019-07-18,33
271,Toyota,Xtra,1992,Teal,19473.90,2018-11-06,83
272,Jaguar,XK Series,1999,Crimson,32437.81,2019-04-18,21
273,Pontiac,Tempest,1967,Mauv,66127.26,2019-04-27,82
274,Ford,Explorer,1995,Pink,14339.15,2018-12-20,79
275,Toyota,Sequoia,2012,Red,25266.02,2019-04-04,72
276,Cadillac,DTS,2009,Goldenrod,80770.56,2019-01-08,43
277,GMC,Sierra 1500,2009,Indigo,87028.49,2019-07-27,90
278,Ford,Edge,2012,Teal,86228.50,2018-12-04,70
279,GMC,Sierra 2500,2008,Mauv,93343.21,2019-09-10,10
280,Buick,Coachbuilder,1990,Pink,49586.01,2018-10-03,64
281,Dodge,D250 Club,1993,Aquamarine,79777.17,2019-01-10,65
282,Subaru,SVX,1996,Purple,97325.99,2019-02-07,52
283,Ford,Club Wagon,1994,Violet,46795.42,2019-09-03,91
284,Toyota,Celica,1998,Yellow,75831.88,2019-04-17,68
285,Jaguar,XK,2006,Fuscia,59625.98,2019-04-15,57
286,Audi,A8,2006,Yellow,11646.45,2019-04-04,27
287,Volkswagen,Tiguan,2010,Goldenrod,80706.96,2019-03-28,44
288,Toyota,Avalon,2004,Goldenrod,97169.92,2019-05-07,53
289,Suzuki,SX4,2012,Pink,72309.11,2019-05-08,24
290,Audi,Q5,2009,Purple,11103.16,2019-04-21,18
291,Chevrolet,Blazer,2000,Red,44382.97,2019-08-27,76
292,GMC,Savana 3500,2009,Orange,54001.19,2019-05-16,13
293,Toyota,TundraMax,2007,Violet,39153.52,2019-01-22,35
294,Cadillac,STS,2011,Teal,68361.41,2018-11-14,38
295,Dodge,Intrepid,2000,Turquoise,12248.39,2019-01-19,14
296,Mitsubishi,Galant,1992,Pink,62560.37,2019-06-24,14
297,Jaguar,S-Type,2003,Orange,84651.35,2019-05-23,60
298,Cadillac,DeVille,1992,Puce,75515.42,2019-08-30,45
299,Aston Martin,V8 Vantage,2006,Orange,64682.06,2018-11-03,25
300,Maybach,62,2007,Indigo,23759.28,2019-03-01,8
301,Mercedes-Benz,S-Class,2003,Turquoise,39478.75,2018-12-04,83
302,Chevrolet,Express 1500,2002,Yellow,27999.42,2019-05-13,84
303,Mazda,Millenia,2002,Purple,97186.47,2018-10-23,98
304,Mercury,Grand Marquis,1994,Purple,19547.65,2018-10-05,59
305,Porsche,911,1993,Blue,86716.36,2019-01-21,52
306,Buick,Enclave,2012,Aquamarine,39166.96,2019-01-08,91
307,Porsche,911,1992,Orange,15438.89,2018-12-20,71
308,GMC,Canyon,2011,Violet,83141.42,2018-11-27,95
309,Infiniti,Q,2001,Maroon,95446.30,2019-09-05,90
310,Kia,Spectra,2001,Turquoise,67390.74,2018-11-05,44
311,Audi,Quattro,1992,Puce,75123.23,2019-01-25,54
312,BMW,330,2006,Teal,71377.81,2019-04-06,43
313,Isuzu,Rodeo,1993,Purple,19461.86,2019-01-02,76
314,GMC,2500,1995,Khaki,28575.89,2019-09-22,68
315,Honda,Accord,1993,Aquamarine,33480.58,2019-03-05,59
316,Buick,Skyhawk,1984,Violet,37011.87,2019-05-13,29
317,Dodge,Intrepid,1998,Red,66230.40,2019-01-11,53
318,Infiniti,G35,2006,Violet,85957.26,2018-12-18,23
319,Infiniti,G,1992,Khaki,77896.70,2018-12-31,32
320,Pontiac,Firefly,1988,Teal,13716.16,2019-05-11,44
321,Pontiac,Firebird,2002,Crimson,52104.88,2019-03-20,41
322,Nissan,Titan,2006,Crimson,95754.52,2019-03-03,63
323,Chrysler,PT Cruiser,2010,Orange,99417.18,2019-01-27,2
324,Subaru,XT,1991,Pink,63986.31,2019-03-23,24
325,Ford,Courier,1986,Khaki,64882.86,2019-04-21,87
326,Chevrolet,2500,1996,Green,76618.80,2019-07-14,72
327,Ford,F350,1997,Puce,61388.09,2019-05-13,81
328,Mercury,Tracer,1995,Puce,25499.15,2019-05-23,98
329,Jeep,Grand Cherokee,2007,Green,50594.56,2019-03-19,88
330,GMC,Sierra Hybrid,2006,Indigo,71187.42,2018-11-29,63
331,BMW,525,2001,Violet,80826.33,2019-07-02,45
332,Dodge,Ram Van 1500,1998,Puce,91130.06,2019-05-16,19
333,Mercury,Sable,1994,Purple,89887.82,2018-11-10,6
334,Ford,Thunderbird,1993,Crimson,12443.30,2019-07-17,2
335,Volvo,C70,1999,Maroon,40619.84,2018-11-18,63
336,Subaru,Legacy,1996,Pink,55297.06,2019-02-04,24
337,Toyota,Prius,2005,Puce,80257.72,2019-08-26,0
338,Acura,RL,1998,Teal,65652.88,2019-05-27,99
339,Isuzu,Hombre,1996,Orange,40564.74,2019-08-27,62
340,Chevrolet,Corvette,1964,Red,71525.98,2019-05-16,64
341,GMC,Yukon,1992,Goldenrod,29741.34,2019-01-28,30
342,Oldsmobile,98,1993,Purple,67684.77,2019-07-19,6
343,Honda,Element,2006,Pink,96846.35,2019-05-13,57
344,MINI,Countryman,2012,Yellow,24744.71,2019-01-14,100
345,BMW,530,2003,Mauv,30291.97,2019-05-03,10
346,Volkswagen,Touareg,2003,Khaki,96584.16,2018-10-12,8
347,Honda,Accord,1998,Violet,20912.72,2019-04-16,86
348,Austin,Mini Cooper S,1963,Green,14895.11,2018-12-04,49
349,Acura,RL,2005,Crimson,10280.14,2019-08-25,46
350,Mercury,Mariner,2005,Yellow,55533.15,2019-02-13,63
351,Daewoo,Nubira,1999,Maroon,17636.97,2019-09-04,13
352,GMC,Sierra,2007,Indigo,68162.44,2019-08-10,16
353,Mazda,RX-7,1995,Maroon,50437.63,2018-10-05,83
354,Ford,E350,2010,Indigo,40496.25,2019-01-01,69
355,Acura,RSX,2002,Turquoise,68658.14,2019-01-22,54
356,Chevrolet,Suburban 2500,2007,Green,41522.98,2019-08-23,85
357,Audi,S4,2005,Yellow,37952.19,2018-12-27,80
358,Suzuki,SX4,2007,Purple,12460.26,2019-08-14,87
359,Pontiac,Grand Prix,1986,Red,80269.87,2019-06-10,15
360,Volkswagen,Passat,2005,Pink,31256.31,2018-10-31,67
361,Lexus,GS,2001,Blue,67388.03,2019-02-12,48
362,Chevrolet,APV,1993,Puce,75217.23,2019-07-26,69
363,Chevrolet,3500,1992,Purple,64698.68,2018-12-05,55
364,Toyota,4Runner,2007,Pink,91645.29,2019-08-09,23
365,Mazda,MPV,2003,Crimson,41006.73,2019-03-15,14
366,Nissan,Pathfinder,1999,Fuscia,92204.68,2019-08-06,49
367,Volkswagen,Corrado,1991,Crimson,17991.42,2019-02-08,41
368,Pontiac,Grand Prix,1991,Red,33193.18,2019-09-12,48
369,Toyota,Camry Hybrid,2008,Indigo,55100.31,2019-04-08,31
370,Chrysler,300M,2002,Pink,88439.00,2019-07-06,52
371,Volvo,S80,2011,Orange,43834.63,2018-12-24,11
372,Ford,Contour,1998,Khaki,35783.18,2019-04-17,23
373,GMC,Savana 2500,2007,Yellow,50678.11,2019-02-18,96
374,Hyundai,Sonata,1997,Maroon,33599.11,2019-01-27,31
375,Cadillac,CTS-V,2009,Pink,63123.24,2019-08-11,44
376,Saturn,Outlook,2008,Teal,19757.63,2019-06-22,35
377,Lincoln,Continental Mark VII,1986,Puce,93851.48,2019-05-13,23
378,Dodge,Avenger,1995,Maroon,58563.25,2018-10-31,56
379,Audi,riolet,1996,Blue,28583.42,2019-02-04,12
380,Chrysler,LeBaron,1992,Purple,91442.61,2019-07-14,83
381,Lexus,LS,1998,Crimson,46811.39,2019-07-23,65
382,Toyota,MR2,1994,Yellow,24585.12,2019-06-22,32
383,Audi,Quattro,1994,Fuscia,21574.03,2019-05-17,58
384,Chevrolet,Express 1500,2000,Indigo,68933.40,2019-07-16,45
385,GMC,Sierra,2010,Khaki,60944.21,2019-05-17,15
386,BMW,7 Series,2007,Teal,30019.55,2019-01-30,73
387,Maserati,Gran Sport,2006,Maroon,49828.33,2019-09-02,94
388,Jaguar,XK Series,2013,Violet,59362.95,2019-09-12,2
389,Chevrolet,Camaro,1978,Turquoise,28351.74,2018-12-20,13
390,Ford,E-Series,1986,Aquamarine,16613.33,2019-08-01,22
391,Mercury,Villager,2001,Puce,69276.51,2019-01-27,68
392,Mercedes-Benz,M-Class,2002,Aquamarine,88325.18,2019-08-09,31
393,Infiniti,M,2010,Goldenrod,44259.05,2019-03-06,62
394,Mitsubishi,Starion,1987,Violet,35101.89,2019-02-21,4
395,Volkswagen,GTI,1989,Maroon,47935.39,2019-02-13,69
396,Ford,Explorer,1991,Indigo,45474.04,2019-02-21,28
397,Honda,Prelude,1984,Green,62555.75,2019-01-23,73
398,Chevrolet,Corvette,1975,Purple,25726.36,2019-02-16,40
399,Land Rover,Discovery,1998,Khaki,49683.30,2019-07-04,32
400,Ford,Taurus,1988,Maroon,71394.36,2018-12-31,71
401,Ford,Mustang,2003,Indigo,85246.12,2018-11-01,49
402,Saab,9-3,2000,Orange,10696.80,2019-02-21,48
403,Volvo,V70,2009,Red,67082.35,2018-10-17,72
404,Jaguar,S-Type,2005,Teal,20655.10,2019-03-31,43
405,Subaru,Legacy,2003,Violet,62004.00,2019-06-10,11
406,GMC,Sonoma,1993,Yellow,67769.94,2019-04-01,31
407,Honda,Civic Si,2006,Turquoise,72429.60,2018-11-22,2
408,Lamborghini,Gallardo,2005,Purple,94745.35,2018-10-28,14
409,Lotus,Exige,2012,Violet,69391.23,2019-05-20,55
410,Mercedes-Benz,190E,1993,Maroon,95801.97,2018-10-21,36
411,Hyundai,Elantra,2005,Turquoise,42157.77,2018-12-18,4
412,Buick,Enclave,2012,Violet,46976.65,2019-08-12,75
413,Hyundai,Santa Fe,2003,Puce,35405.19,2018-11-09,79
414,Pontiac,Aztek,2003,Orange,56316.88,2019-08-01,57
415,Ford,Ranger,1994,Goldenrod,55079.28,2018-10-23,99
416,Mazda,Mazda6,2005,Violet,19930.40,2019-01-04,52
417,Infiniti,FX,2007,Yellow,51689.70,2019-09-26,6
418,Volvo,XC70,2010,Purple,42450.33,2019-05-28,99
419,Saab,9-3,1999,Mauv,41576.49,2019-06-07,71
420,Honda,Odyssey,1997,Violet,30613.17,2019-09-15,79
421,Mercedes-Benz,M-Class,2000,Violet,82196.84,2018-11-09,50
422,Mercury,Sable,1991,Aquamarine,25177.52,2019-07-15,71
423,Cadillac,DeVille,2002,Maroon,79820.07,2018-12-30,72
424,Pontiac,GTO,2004,Green,63240.85,2019-05-21,86
425,BMW,X5,2000,Fuscia,78409.91,2019-02-24,93
426,Hyundai,Sonata,1995,Violet,44251.91,2018-10-08,65
427,Mitsubishi,Mirage,1989,Aquamarine,72016.51,2019-09-18,70
428,Mercury,Lynx,1986,Yellow,85547.00,2019-06-18,0
429,Cadillac,STS,2009,Green,48925.66,2019-05-08,58
430,Subaru,Impreza,2012,Maroon,72001.20,2018-12-20,15
431,Pontiac,Grand Prix,1993,Indigo,31963.83,2019-04-05,23
432,Lexus,ES,1993,Blue,29272.83,2018-10-02,42
433,Lexus,GS,2010,Pink,14700.84,2019-04-24,93
434,Mitsubishi,GTO,1997,Green,96962.55,2019-08-25,67
435,Nissan,Versa,2009,Crimson,60981.75,2019-01-07,23
436,Jaguar,XK,2009,Red,48771.40,2019-01-01,77
437,Cadillac,Escalade ESV,2006,Khaki,20459.24,2018-10-27,85
438,Honda,Odyssey,2009,Maroon,19790.57,2019-08-12,14
439,Chrysler,300,1999,Purple,12637.77,2018-10-07,13
440,Dodge,Ram Van B350,1994,Yellow,97226.03,2019-07-24,13
441,Ford,Aerostar,1993,Yellow,81890.28,2019-08-19,57
442,Volvo,C70,1999,Maroon,47794.30,2019-04-17,33
443,Mercury,Tracer,1994,Red,20824.05,2019-08-08,51
444,Suzuki,Samurai,1992,Orange,25161.22,2019-01-18,81
445,Mazda,Miata MX-5,1997,Fuscia,24563.98,2019-08-16,74
446,Pontiac,Sunfire,2005,Violet,45560.15,2019-08-01,95
447,Isuzu,VehiCROSS,2001,Red,81239.48,2018-12-13,2
448,Chevrolet,Silverado 2500,2001,Crimson,40776.01,2019-07-06,33
449,Lexus,ES,2004,Mauv,15207.50,2019-06-03,96
450,Acura,Legend,1990,Green,80423.84,2018-10-12,96
451,Bentley,Continental GT,2007,Khaki,73778.33,2019-01-13,87
452,Cadillac,Fleetwood,1954,Puce,97862.21,2018-10-12,93
453,Mercury,Tracer,1998,Purple,97363.86,2019-04-20,32
454,Mercedes-Benz,S-Class,1987,Pink,41383.97,2019-06-18,69
455,Chevrolet,Camaro,2002,Teal,34326.40,2019-02-17,65
456,Saab,9-3,2002,Khaki,80753.17,2019-04-14,15
457,Bentley,Continental Flying Spur,2010,Maroon,47621.74,2019-06-02,6
458,Subaru,Outback,2001,Indigo,14018.94,2018-11-04,93
459,Dodge,Caravan,1985,Turquoise,49712.96,2019-04-19,4
460,Buick,Enclave,2008,Mauv,91473.20,2019-02-11,62
461,Mitsubishi,Lancer Evolution,2002,Fuscia,54343.93,2019-02-17,54
462,GMC,3500 Club Coupe,1996,Khaki,31301.80,2019-09-02,69
463,Isuzu,Trooper,1996,Aquamarine,69045.85,2019-03-02,83
464,Jaguar,XK Series,1997,Blue,34986.32,2019-08-02,37
465,Toyota,Tercel,1995,Aquamarine,71474.55,2019-01-31,83
466,Buick,Park Avenue,1995,Turquoise,14821.16,2019-04-26,94
467,Cadillac,STS-V,2006,Blue,87420.23,2019-01-20,79
468,Jaguar,XJ,2007,Red,83799.36,2018-10-12,24
469,Ferrari,458 Italia,2010,Blue,48782.69,2018-11-22,57
470,Mercedes-Benz,G-Class,2007,Purple,67594.91,2019-08-02,48
471,Cadillac,Eldorado,1992,Pink,10233.42,2019-04-11,56
472,Mazda,MX-6,1989,Indigo,64580.35,2019-01-29,78
473,Honda,Odyssey,2005,Red,19794.78,2019-03-11,79
474,Lamborghini,Reventón,2008,Khaki,84866.91,2019-05-22,74
475,Honda,Civic,1997,Pink,86581.33,2019-01-12,94
476,Nissan,350Z,2006,Blue,17072.91,2019-07-28,3
477,BMW,7 Series,1993,Maroon,80207.33,2018-11-22,10
478,Chrysler,LHS,1995,Violet,24084.73,2018-10-08,44
479,Ford,Econoline E350,1998,Yellow,34415.39,2019-08-22,58
480,Ford,Thunderbird,1995,Maroon,81783.02,2019-05-09,58
481,Honda,Accord,1992,Aquamarine,30541.42,2019-02-08,17
482,Porsche,911,2007,Aquamarine,97908.91,2018-12-22,41
483,Chevrolet,Corvair 500,1963,Pink,25912.84,2019-02-22,91
484,Dodge,Grand Caravan,1996,Maroon,73778.54,2018-11-28,3
485,Buick,Century,1998,Blue,91379.58,2019-03-06,80
486,Maserati,Coupe,2005,Blue,35014.79,2019-07-04,9
487,Mitsubishi,Pajero,1985,Purple,32032.76,2018-12-07,41
488,Subaru,Impreza WRX,2010,Aquamarine,71635.03,2019-04-01,53
489,Lamborghini,Murciélago,2010,Khaki,89642.39,2019-05-12,56
490,Bentley,Continental,2007,Orange,37676.50,2018-11-19,41
491,GMC,Sierra 3500,2004,Pink,47608.28,2019-05-12,29
492,Audi,S4,2001,Blue,78851.83,2018-11-20,85
493,Audi,Quattro,1994,Mauv,94491.82,2019-04-21,93
494,Pontiac,Firebird Trans Am,1986,Teal,96199.34,2019-06-05,53
495,Mercedes-Benz,SLR McLaren,2006,Indigo,61033.43,2019-06-27,76
496,Porsche,928,1995,Pink,27643.15,2019-01-20,82
497,Porsche,Boxster,1997,Crimson,48990.85,2018-10-09,40
498,BMW,600,1959,Aquamarine,41383.42,2019-07-05,24
499,Land Rover,Range Rover,2007,Aquamarine,65040.26,2018-12-31,89
500,Plymouth,Volare,1976,Purple,88548.35,2019-03-30,1
501,Mazda,CX-7,2007,Indigo,15491.98,2019-04-21,10
502,Oldsmobile,Bravada,1994,Purple,35031.74,2019-02-16,66
503,Chevrolet,Malibu,2011,Red,71378.67,2019-06-07,62
504,Suzuki,Equator,2010,Maroon,79941.35,2019-06-23,82
505,Lincoln,Town Car,1997,Fuscia,11044.72,2019-04-03,70
506,Scion,tC,2013,Maroon,21155.06,2019-04-03,26
507,Lincoln,Town Car,2000,Pink,28646.86,2018-11-22,72
508,Suzuki,SX4,2007,Orange,42411.53,2019-01-14,0
509,Cadillac,STS-V,2006,Violet,74874.30,2019-07-21,7
510,Mitsubishi,Mighty Max,1996,Orange,82181.10,2019-01-10,15
511,Infiniti,Q,1994,Purple,23447.50,2018-12-31,0
512,Mazda,Mazda6,2006,Purple,87425.29,2019-02-24,63
513,Lexus,IS,2012,Goldenrod,41101.67,2018-12-15,60
514,Dodge,Journey,2010,Mauv,23223.57,2019-07-22,1
515,Suzuki,Swift,1989,Mauv,68506.42,2018-10-15,22
516,Mazda,929,1994,Indigo,57700.41,2019-05-13,9
517,BMW,X5 M,2012,Purple,91300.49,2019-01-05,60
518,Ford,Crown Victoria,2005,Violet,50832.74,2019-07-22,94
519,Lincoln,Town Car,1996,Purple,84382.67,2019-04-11,32
520,Kia,Optima,2010,Mauv,82157.70,2019-04-08,81
521,Suzuki,SX4,2007,Teal,34695.00,2019-01-25,50
522,Subaru,Outback,2002,Mauv,77864.58,2019-05-05,24
523,Chevrolet,Avalanche,2009,Red,83781.62,2018-10-27,42
524,Toyota,Tercel,1992,Red,78123.64,2018-11-20,30
525,Toyota,Celica,2005,Orange,24941.69,2019-04-08,33
526,Chevrolet,S10,1999,Yellow,74689.38,2018-11-25,85
527,Buick,Century,1995,Teal,47362.45,2018-11-27,50
528,Chevrolet,Corvette,2010,Pink,52773.14,2018-11-28,21
529,Ford,Escort,1990,Teal,92635.48,2019-01-13,81
530,Suzuki,Swift,1987,Orange,10008.25,2018-12-23,35
531,GMC,Savana 3500,2002,Green,77794.55,2019-03-09,49
532,Geo,Tracker,1997,Pink,72440.48,2019-05-15,94
533,Lotus,Esprit,1988,Yellow,96630.09,2019-04-27,61
534,Toyota,Land Cruiser,1994,Fuscia,98708.68,2019-02-28,95
535,Mercedes-Benz,S-Class,1996,Purple,98293.31,2019-07-20,84
536,Mazda,Mazda2,2012,Indigo,40315.36,2018-11-08,18
537,Pontiac,1000,1984,Maroon,48568.93,2019-04-19,90
538,Mitsubishi,Excel,1987,Turquoise,61925.72,2018-12-31,34
539,GMC,1500 Club Coupe,1996,Indigo,49231.19,2019-08-04,94
540,Mazda,Miata MX-5,2008,Indigo,45511.13,2019-03-04,92
541,Mercedes-Benz,CLS-Class,2008,Maroon,25940.53,2019-04-09,32
542,Lotus,Elise,2005,Red,95112.94,2018-11-12,39
543,Saab,900,1996,Violet,94793.66,2019-06-28,58
544,Mazda,Protege,1993,Aquamarine,95840.49,2019-04-22,85
545,Ford,Escort,1993,Green,11322.30,2018-10-04,39
546,Honda,S2000,2008,Pink,39175.26,2019-05-13,89
547,Chrysler,Pacifica,2008,Teal,37514.93,2019-07-07,6
548,Acura,TL,2006,Puce,19997.95,2018-10-09,27
549,Acura,Legend,1987,Fuscia,48398.63,2019-06-30,4
550,Mercedes-Benz,R-Class,2008,Mauv,72923.45,2018-12-25,29
551,Lotus,Esprit,2003,Fuscia,32007.77,2019-07-21,71
552,Jeep,Compass,2012,Orange,61472.72,2019-03-09,50
553,Dodge,Ramcharger,1992,Pink,49220.18,2019-09-06,89
554,Lexus,LS,1995,Puce,26601.69,2018-12-09,95
555,Pontiac,Grand Prix,1963,Maroon,83154.42,2019-07-02,5
556,Ferrari,F430,2006,Maroon,23975.52,2018-11-27,64
557,Pontiac,Firefly,1990,Indigo,55408.04,2019-03-18,74
558,Nissan,Sentra,1991,Indigo,90938.99,2018-12-12,3
559,Lexus,SC,2002,Red,51747.67,2019-01-25,96
560,Lincoln,MKX,2008,Green,67770.09,2019-08-04,37
561,Cadillac,CTS-V,2006,Green,50288.41,2018-10-27,40
562,Jeep,Grand Cherokee,1997,Turquoise,25701.22,2018-11-21,82
563,Infiniti,Q,2005,Violet,61645.60,2019-05-01,61
564,Lincoln,Town Car,2009,Orange,58730.87,2019-08-17,94
565,Mercedes-Benz,SL-Class,2012,Orange,87671.29,2018-10-02,94
566,Hyundai,Excel,1993,Khaki,26985.08,2019-09-26,35
567,Mercury,Mystique,1995,Goldenrod,42681.69,2019-03-12,8
568,Pontiac,Firebird,1984,Purple,69243.51,2018-11-13,55
569,Toyota,Avalon,2003,Pink,35063.90,2019-04-24,38
570,Aston Martin,Vantage,2006,Turquoise,11879.57,2019-06-15,39
571,Mercury,Grand Marquis,1984,Blue,74804.46,2019-06-12,5
572,Acura,Legend,1987,Maroon,18484.16,2019-08-04,58
573,Jaguar,XK,2007,Khaki,79212.77,2018-12-15,60
574,Mercedes-Benz,CLS-Class,2007,Orange,44753.87,2019-04-13,41
575,Lotus,Elan,1990,Yellow,97753.50,2019-02-25,97
576,Mitsubishi,Montero,1999,Teal,24728.04,2019-06-10,38
577,Mitsubishi,Lancer,2008,Pink,27057.10,2019-05-11,37
578,Pontiac,Tempest,1961,Turquoise,69407.04,2019-08-31,37
579,Audi,100,1991,Teal,61221.25,2019-03-09,46
580,Chevrolet,S10,1992,Teal,21517.44,2019-03-11,38
581,Chrysler,Grand Voyager,2000,Fuscia,84080.01,2019-01-22,87
582,Dodge,Ram Van 2500,1997,Yellow,94733.73,2019-06-09,35
583,Chevrolet,Express 2500,2012,Crimson,13502.88,2019-05-09,62
584,Lincoln,MKT,2013,Purple,16301.56,2019-09-17,46
585,Mercury,Cougar,1990,Fuscia,27788.93,2019-07-27,92
586,Acura,SLX,1999,Indigo,10607.98,2019-05-17,15
587,Buick,Somerset,1985,Crimson,97723.37,2019-04-30,73
588,Dodge,Ram 2500 Club,1997,Green,40603.24,2019-07-06,40
589,Infiniti,G35,2003,Goldenrod,76742.87,2019-09-21,95
590,Suzuki,Reno,2008,Maroon,81943.65,2018-12-08,42
591,Lincoln,Town Car,1996,Crimson,20153.79,2019-02-27,66
592,Mazda,Familia,1992,Yellow,65073.29,2019-06-17,88
593,Volkswagen,Corrado,1991,Purple,88868.89,2019-04-28,70
594,Nissan,Maxima,1998,Indigo,53076.56,2018-12-18,66
595,Toyota,4Runner,2007,Maroon,91793.08,2019-06-02,74
596,Aston Martin,Vantage,2007,Khaki,96712.51,2019-08-10,4
597,Honda,Accord,2012,Turquoise,55466.58,2019-04-14,16
598,MINI,Cooper Countryman,2012,Fuscia,96195.81,2019-02-19,47
599,Mitsubishi,Galant,2001,Orange,20999.32,2019-05-15,16
600,MINI,MINI,2002,Teal,19766.83,2018-12-16,48
601,GMC,Acadia,2011,Turquoise,85107.75,2019-01-27,85
602,Ford,Expedition,2011,Goldenrod,50819.70,2018-11-17,19
603,GMC,Sonoma,2002,Violet,86929.60,2019-08-31,28
604,Chevrolet,Blazer,2001,Teal,38004.52,2019-04-14,18
605,GMC,2500 Club Coupe,1995,Green,37697.48,2019-09-14,23
606,BMW,530,2003,Pink,67451.16,2018-10-23,96
607,Kia,Spectra,2001,Goldenrod,74215.04,2019-04-04,72
608,Chevrolet,Silverado 3500,2003,Purple,25494.87,2018-12-25,15
609,Porsche,Boxster,1997,Green,54740.76,2019-01-17,89
610,Mitsubishi,Eclipse,1991,Mauv,84234.96,2018-10-03,74
611,Suzuki,XL-7,2007,Red,33041.98,2019-02-17,80
612,BMW,X5,2011,Turquoise,74914.65,2019-05-19,66
613,Ford,F-Series,2010,Mauv,61826.01,2019-07-03,29
614,Volkswagen,CC,2012,Yellow,75056.16,2018-12-19,41
615,Mercedes-Benz,W201,1984,Green,56074.13,2019-03-25,62
616,Dodge,Ram Van B150,1993,Pink,17611.21,2019-01-29,47
617,Volkswagen,Jetta,2000,Maroon,81100.85,2018-11-04,4
618,Porsche,Cayenne,2012,Khaki,29835.66,2019-08-28,18
619,Buick,Regal,2012,Purple,65470.76,2019-06-20,31
620,Subaru,XT,1990,Puce,77399.71,2019-08-21,1
621,Saturn,Outlook,2009,Red,55108.25,2019-05-13,1
622,Nissan,Maxima,1993,Blue,28006.78,2019-05-08,26
623,Infiniti,QX56,2010,Goldenrod,31034.96,2019-09-12,87
624,Honda,Odyssey,2002,Red,11690.80,2019-05-07,57
625,Toyota,Prius,2002,Orange,13424.96,2019-08-07,32
626,Hyundai,Tucson,2005,Maroon,59430.88,2019-07-07,50
627,Mercedes-Benz,300SE,1993,Teal,27303.25,2019-01-30,22
628,Audi,80,1990,Blue,40417.76,2019-09-21,37
629,Jaguar,XK Series,1997,Turquoise,59103.16,2019-02-10,77
630,Chevrolet,3500,1999,Blue,34440.07,2018-12-19,86
631,Dodge,Journey,2010,Puce,33139.99,2019-06-11,98
632,MINI,Cooper,2008,Crimson,92903.11,2019-03-27,22
633,Pontiac,Monterey,2005,Indigo,87224.58,2018-12-21,75
634,Suzuki,XL-7,2002,Green,27857.98,2019-02-24,43
635,Mercury,Grand Marquis,1996,Pink,60985.95,2019-04-12,50
636,Mazda,RX-8,2009,Puce,29623.95,2019-03-10,52
637,Ford,F250,1995,Turquoise,47227.36,2019-03-25,4
638,Bentley,Mulsanne,2011,Teal,49332.88,2018-11-25,1
639,Nissan,240SX,1992,Indigo,91127.08,2019-07-29,96
640,Pontiac,G5,2008,Mauv,42043.90,2019-04-10,48
641,Volkswagen,Cabriolet,1990,Crimson,31710.40,2018-10-14,59
642,Smart,Fortwo,2009,Turquoise,61609.74,2019-06-15,23
643,Ford,Escape,2011,Crimson,75308.03,2019-01-21,69
644,Mazda,Mazda3,2007,Fuscia,30443.20,2019-02-19,62
645,GMC,Savana,2009,Pink,46386.80,2018-12-11,18
646,Volkswagen,GTI,2009,Mauv,23497.00,2019-09-15,54
647,Volkswagen,CC,2012,Goldenrod,48087.24,2019-01-29,20
648,Saab,900,1987,Teal,46787.32,2019-01-18,80
649,Chevrolet,G-Series G30,1992,Purple,18761.76,2019-01-05,87
650,Audi,Q7,2008,Teal,32761.30,2019-07-29,58
651,GMC,Yukon XL 2500,2012,Purple,51388.07,2019-07-12,67
652,Hyundai,Entourage,2008,Aquamarine,27797.68,2019-02-26,14
653,Buick,LeSabre,2005,Orange,16507.12,2019-07-30,23
654,Kia,Sorento,2008,Maroon,62776.01,2019-05-18,42
655,Hyundai,Genesis,2012,Mauv,64189.23,2019-09-24,62
656,Honda,del Sol,1997,Red,10372.75,2019-08-07,50
657,Suzuki,Samurai,1992,Red,10152.74,2018-12-08,28
658,Buick,Skyhawk,1984,Maroon,24362.00,2019-02-12,95
659,Ford,Windstar,1995,Green,63705.79,2018-10-15,22
660,Mercedes-Benz,SLS-Class,2012,Purple,86501.26,2019-01-12,10
661,Bentley,Continental GT,2006,Mauv,91840.70,2019-07-02,42
662,Lincoln,Navigator L,2011,Mauv,21889.31,2018-10-13,88
663,Maybach,62,2011,Pink,25651.81,2019-01-09,19
664,Cadillac,Allante,1992,Purple,98397.62,2019-02-01,70
665,Suzuki,XL-7,2007,Maroon,74177.05,2019-07-12,66
666,Mercedes-Benz,G-Class,2009,Khaki,60946.30,2018-10-12,95
667,Ford,E150,2007,Orange,12480.76,2019-04-07,79
668,Maserati,430,1989,Aquamarine,48998.35,2019-05-02,61
669,Dodge,Challenger,2012,Violet,46821.54,2018-10-15,47
670,Lexus,SC,2000,Orange,75896.18,2018-12-14,51
671,BMW,3 Series,2000,Crimson,55349.39,2019-08-28,32
672,Ford,F-Series,1990,Khaki,49836.70,2019-01-20,12
673,Ford,Focus,2003,Turquoise,85999.33,2019-06-11,65
674,Hyundai,Equus,2011,Green,66388.01,2018-12-13,81
675,Mazda,Familia,1992,Goldenrod,83545.44,2018-10-03,62
676,Toyota,Celica,1982,Mauv,57030.89,2019-03-27,53
677,Mercury,Milan,2011,Crimson,63344.03,2019-01-11,98
678,Volvo,C30,2008,Goldenrod,12739.27,2019-05-22,94
679,Hyundai,Sonata,2010,Mauv,43492.74,2019-03-24,56
680,Toyota,MR2,1993,Turquoise,81789.29,2019-04-01,13
681,Pontiac,Vibe,2003,Fuscia,25348.67,2019-07-23,93
682,Mazda,Mazda3,2012,Red,42779.04,2018-11-13,79
683,Suzuki,Vitara,2001,Aquamarine,74334.58,2019-02-03,7
684,Subaru,Justy,1992,Blue,23303.29,2019-01-23,95
685,Lotus,Esprit,1995,Purple,25888.92,2019-03-29,80
686,Toyota,MR2,1992,Red,40478.26,2019-07-26,80
687,Ford,Courier,1989,Mauv,46462.70,2019-05-19,82
688,Volkswagen,Routan,2010,Maroon,85327.86,2019-02-21,47
689,Ram,2500,2012,Goldenrod,82523.51,2019-07-24,2
690,Mitsubishi,Mirage,1987,Indigo,49575.68,2018-12-03,78
691,Mercury,Grand Marquis,1995,Khaki,36875.13,2019-08-21,50
692,Ford,Econoline E250,2002,Maroon,80715.49,2019-03-06,73
693,Toyota,RAV4,1998,Khaki,77447.07,2019-09-23,23
694,Dodge,Ram 3500,2010,Mauv,97586.86,2019-04-15,53
695,Hyundai,Azera,2012,Goldenrod,49255.31,2019-05-11,3
696,Cadillac,Fleetwood,1954,Maroon,37604.01,2018-11-11,52
697,Jaguar,XK Series,2003,Purple,17112.68,2019-06-18,38
698,Lexus,RX,2003,Indigo,74310.51,2018-12-13,41
699,Suzuki,Swift,1997,Purple,48405.06,2018-12-10,58
700,Mercury,Monterey,2005,Khaki,48740.73,2019-06-29,45
701,Isuzu,Hombre,1996,Turquoise,13495.70,2018-10-22,3
702,Chrysler,Fifth Ave,1992,Aquamarine,92088.51,2018-10-05,48
703,Audi,TT,2001,Teal,70403.05,2019-01-12,29
704,Ford,Crown Victoria,2003,Turquoise,72482.46,2019-09-11,65
705,GMC,Yukon XL 2500,2000,Crimson,69757.39,2019-01-21,63
706,Pontiac,LeMans,1990,Orange,35085.17,2018-10-17,69
707,Chrysler,Cirrus,1997,Goldenrod,57899.30,2019-02-09,17
708,Pontiac,Grand Am,1991,Mauv,92026.63,2019-09-14,82
709,Mitsubishi,Montero,1995,Aquamarine,58452.92,2019-07-06,96
710,Ford,Bronco II,1985,Puce,93010.16,2019-05-17,80
711,Chevrolet,Corvette,2011,Puce,58344.69,2019-06-12,13
712,Hyundai,Tiburon,2008,Puce,73157.21,2019-05-29,23
713,Mercedes-Benz,M-Class,1998,Goldenrod,75611.37,2019-03-06,80
714,Jeep,Compass,2008,Red,48260.79,2018-10-27,20
715,Dodge,Journey,2009,Pink,26064.29,2019-04-19,46
716,Dodge,Viper,2009,Orange,62059.43,2019-04-17,43
717,Jeep,Grand Cherokee,2002,Crimson,17258.25,2019-07-21,7
718,Saturn,Outlook,2007,Goldenrod,11028.64,2018-10-21,31
719,Aston Martin,Vantage,2010,Green,26307.06,2019-06-03,28
720,Rolls-Royce,Phantom,2006,Pink,30708.66,2019-05-23,71
721,GMC,Envoy XUV,2005,Turquoise,90814.93,2019-08-02,12
722,Kia,Rio,2013,Aquamarine,35247.51,2019-08-04,16
723,Mazda,929,1987,Mauv,74276.27,2018-11-02,13
724,Chevrolet,Cavalier,1992,Crimson,80839.43,2018-11-05,35
725,Audi,A8,2000,Pink,95255.04,2018-10-27,91
726,Ford,LTD Crown Victoria,1990,Fuscia,53287.38,2019-08-18,95
727,Mercury,Topaz,1984,Turquoise,12841.92,2019-05-18,42
728,Toyota,4Runner,1993,Goldenrod,49715.26,2019-02-10,19
729,Subaru,Legacy,2009,Maroon,24252.74,2019-04-14,67
730,Volkswagen,Golf,1976,Fuscia,10126.30,2019-04-03,59
731,Mitsubishi,Tredia,1984,Aquamarine,55475.86,2018-12-31,77
732,Mercury,Cougar,1994,Orange,92500.89,2019-04-09,7
733,Lincoln,Navigator L,2009,Mauv,93006.82,2019-05-22,14
734,Chevrolet,Cobalt SS,2007,Turquoise,49477.04,2019-02-19,62
735,Dodge,Dakota Club,1994,Green,53195.98,2019-02-11,1
736,Ford,Taurus,2000,Pink,37023.72,2019-09-28,95
737,Toyota,4Runner,1998,Goldenrod,43268.78,2018-10-31,56
738,Hyundai,Genesis,2012,Goldenrod,32102.51,2019-02-07,33
739,Pontiac,Grand Prix,1974,Goldenrod,74734.38,2019-08-25,17
740,Pontiac,Grand Am,1990,Mauv,44393.58,2019-01-19,66
741,MINI,Clubman,2009,Fuscia,21969.11,2018-11-08,18
742,Chevrolet,Equinox,2006,Yellow,59712.53,2019-05-23,77
743,Suzuki,Grand Vitara,2000,Indigo,13282.72,2019-07-31,87
744,Mitsubishi,Endeavor,2004,Orange,53675.63,2019-03-28,85
745,GMC,Yukon XL 1500,2007,Fuscia,35027.76,2019-05-30,43
746,GMC,Envoy,1998,Purple,58700.84,2018-10-15,31
747,Mercedes-Benz,W126,1983,Mauv,24690.33,2019-03-15,79
748,Chevrolet,S10,2002,Purple,28701.32,2019-06-23,95
749,Toyota,Corolla,2005,Aquamarine,48198.90,2019-01-21,85
750,Ford,Fiesta,2001,Indigo,71378.27,2019-01-13,0
751,Chevrolet,Avalanche 1500,2003,Khaki,26731.03,2019-01-05,71
752,Pontiac,Tempest,1967,Goldenrod,13363.72,2019-08-11,54
753,Ford,Edge,2007,Fuscia,50455.05,2019-06-01,39
754,Oldsmobile,Achieva,1998,Teal,17098.77,2019-07-22,7
755,Mercury,Topaz,1984,Blue,41821.88,2018-11-03,43
756,Volvo,S80,2006,Purple,97789.26,2019-03-24,21
757,Chevrolet,Colorado,2012,Purple,43374.81,2019-07-25,62
758,Acura,NSX,2002,Turquoise,48876.56,2019-07-10,68
759,Chevrolet,2500,1995,Teal,87982.65,2019-01-04,14
760,Dodge,Ram Wagon B150,1994,Fuscia,72970.83,2019-07-11,47
761,Nissan,Pathfinder,2001,Goldenrod,45149.36,2019-01-22,23
762,Suzuki,SJ,1988,Goldenrod,44637.30,2019-04-01,58
763,Ford,Econoline E350,1998,Purple,24644.34,2019-07-07,59
764,Volvo,XC70,2007,Blue,86554.38,2019-05-06,19
765,Morgan,Aero 8,2006,Teal,42505.10,2019-02-14,53
766,Acura,TL,2004,Violet,13869.76,2018-12-11,21
767,Saab,9-5,2010,Orange,54869.15,2019-02-21,61
768,Oldsmobile,Achieva,1992,Khaki,44841.32,2019-05-20,94
769,Kia,Sportage,1995,Purple,31024.41,2018-12-24,17
770,Mitsubishi,Tredia,1984,Pink,98788.66,2019-03-25,89
771,Porsche,911,1986,Purple,17925.92,2019-07-31,46
772,Mitsubishi,Lancer Evolution,2010,Goldenrod,77392.46,2019-01-06,73
773,Volkswagen,Cabriolet,1988,Pink,39236.36,2019-03-04,78
774,Lexus,ES,1991,Crimson,66859.88,2019-03-18,27
775,Chevrolet,Express,2007,Puce,66827.80,2019-03-22,91
776,Pontiac,GTO,1971,Pink,12275.61,2019-09-03,60
777,Audi,A7,2012,Blue,99836.75,2019-09-20,43
778,Nissan,Xterra,2011,Teal,50636.80,2019-05-25,90
779,Toyota,Land Cruiser,1999,Goldenrod,98605.89,2019-05-12,19
780,Isuzu,Amigo,1998,Violet,51123.69,2019-09-28,26
781,Volkswagen,Corrado,1994,Khaki,81276.16,2019-01-09,13
782,Cadillac,Allante,1992,Violet,13762.03,2019-04-24,63
783,Saab,9-5,2000,Puce,54449.19,2019-03-27,9
784,Toyota,RAV4,1997,Orange,67331.97,2019-01-16,32
785,Mazda,MX-6,1995,Mauv,48981.42,2019-05-20,14
786,Ram,C/V,2012,Green,37584.45,2019-03-23,50
787,Lotus,Elan,1993,Violet,46454.35,2019-04-15,33
788,Toyota,Sequoia,2005,Fuscia,86734.33,2019-01-24,79
789,Lincoln,Navigator,2001,Green,56873.30,2018-12-29,6
790,Nissan,Pathfinder,2012,Teal,16333.44,2019-01-29,68
791,Audi,riolet,1998,Green,41407.64,2018-12-20,43
792,Mercedes-Benz,R-Class,2008,Green,20887.01,2019-02-03,25
793,Mazda,RX-8,2004,Purple,55033.54,2019-07-11,62
794,Buick,Electra,1988,Goldenrod,78801.41,2018-11-10,28
795,Mercedes-Benz,C-Class,2008,Aquamarine,56292.73,2019-03-16,60
796,Nissan,Frontier,2011,Blue,50572.51,2019-04-20,7
797,Jeep,Grand Cherokee,2007,Purple,40221.84,2019-04-02,70
798,Oldsmobile,Custom Cruiser,1992,Aquamarine,30037.34,2019-08-01,11
799,BMW,3 Series,2006,Turquoise,74986.16,2019-09-13,36
800,Plymouth,Grand Voyager,2000,Maroon,34866.47,2019-01-05,100
801,Lotus,Exige,2004,Purple,68967.75,2018-12-26,68
802,Saturn,Aura,2009,Teal,39246.63,2018-11-24,82
803,Rolls-Royce,Ghost,2010,Maroon,58844.23,2018-10-12,13
804,Saab,900,1997,Red,49401.12,2019-01-17,32
805,Ford,Explorer Sport Trac,2004,Green,55548.66,2018-11-11,78
806,Nissan,Quest,2002,Green,92518.96,2018-11-02,48
807,Mitsubishi,Sigma,1990,Turquoise,56704.75,2018-11-09,58
808,Volvo,S60,2012,Teal,62216.01,2019-05-14,62
809,Volkswagen,New Beetle,2003,Red,74492.25,2018-11-03,8
810,Volvo,V70,2000,Aquamarine,55405.46,2019-01-11,5
811,Dodge,Stratus,1998,Crimson,73122.30,2019-04-04,3
812,Volkswagen,Jetta,1985,Purple,37851.76,2019-04-02,41
813,Pontiac,Firebird,1999,Green,66691.42,2019-02-27,53
814,Lexus,ES,2003,Mauv,91232.58,2019-03-31,7
815,Hyundai,Elantra,2005,Turquoise,21487.23,2019-04-30,12
816,Volkswagen,GTI,2003,Teal,69129.00,2019-01-17,59
817,Aptera,Typ-1,2008,Green,68712.86,2019-07-10,60
818,Honda,Passport,1997,Pink,24063.10,2019-02-21,76
819,Honda,Pilot,2006,Crimson,43416.42,2019-07-26,89
820,Buick,Rendezvous,2002,Crimson,23172.46,2019-03-01,10
821,Porsche,944,1986,Green,33058.64,2019-06-29,67
822,GMC,Yukon,1994,Fuscia,54554.44,2019-06-04,1
823,Hyundai,Scoupe,1993,Pink,95062.01,2019-09-20,49
824,Subaru,Outback,2009,Maroon,10154.18,2018-10-13,9
825,Kia,Spectra,2006,Turquoise,94887.30,2019-03-09,96
826,Chevrolet,Cobalt,2005,Crimson,13333.32,2019-03-02,99
827,Mazda,626,2002,Aquamarine,72843.04,2019-06-01,83
828,Toyota,Tacoma,1999,Blue,63462.86,2019-06-21,19
829,Chrysler,Town & Country,2003,Mauv,65109.12,2019-08-26,50
830,Lexus,LS,2000,Yellow,46484.57,2018-10-28,16
831,Land Rover,Range Rover Sport,2012,Khaki,62594.54,2019-08-28,4
832,Ford,Ranger,2004,Aquamarine,31380.30,2018-12-21,95
833,GMC,Sonoma,2001,Mauv,38919.53,2018-11-04,55
834,Volkswagen,New Beetle,2002,Aquamarine,24413.21,2019-09-10,13
835,Ford,Ranger,1997,Pink,38577.27,2019-05-22,94
836,Ford,Ranger,1988,Puce,81422.27,2019-01-22,99
837,Mazda,MPV,2004,Maroon,14887.51,2018-10-21,26
838,Ford,F350,1999,Aquamarine,40355.97,2018-12-24,62
839,Nissan,Frontier,2001,Teal,69142.85,2018-10-05,82
840,Dodge,Ram 3500,1995,Green,59008.65,2019-06-23,93
841,Cadillac,Eldorado,1998,Indigo,64890.62,2019-04-19,39
842,GMC,Sonoma,1993,Aquamarine,72795.11,2019-07-28,88
843,Chevrolet,Equinox,2007,Mauv,28417.60,2019-04-21,97
844,Volkswagen,Eos,2012,Purple,81681.62,2018-11-09,77
845,Aston Martin,V8 Vantage,2008,Puce,73633.63,2018-10-01,35
846,Volvo,850,1997,Aquamarine,28172.50,2019-09-11,46
847,Buick,Electra,1985,Green,65225.65,2019-05-10,3
848,Rolls-Royce,Ghost,2012,Violet,96535.17,2019-03-16,9
849,Volkswagen,Jetta,1991,Purple,21519.36,2019-02-22,54
850,Maserati,Gran Sport,2006,Maroon,91678.60,2018-12-28,47
851,Kia,Amanti,2006,Purple,20511.01,2019-08-22,17
852,Mercury,Grand Marquis,2008,Goldenrod,47967.68,2019-02-07,58
853,Chevrolet,Camaro,1976,Turquoise,70831.85,2019-08-19,21
854,Audi,S4,2011,Pink,89959.72,2019-09-03,66
855,Ford,Fusion,2010,Turquoise,62473.64,2019-07-13,43
856,Lexus,LX,2011,Green,80358.07,2019-07-15,94
857,Ford,Aerostar,1989,Khaki,11891.67,2019-02-05,80
858,Infiniti,FX,2003,Goldenrod,87270.09,2018-12-14,10
859,Kia,Sephia,1995,Violet,53005.20,2019-09-14,84
860,Suzuki,Esteem,1998,Puce,83787.17,2019-02-08,99
861,Honda,Ridgeline,2006,Red,65862.49,2019-07-21,97
862,Saturn,L-Series,2002,Maroon,80253.06,2019-05-22,38
863,MINI,Clubman,2009,Puce,93173.00,2018-12-28,75
864,Volkswagen,Golf,1983,Violet,89274.52,2019-06-06,21
865,GMC,Yukon,2001,Goldenrod,23114.27,2019-04-22,78
866,BMW,760,2003,Violet,82716.21,2019-05-22,23
867,Pontiac,GTO,2004,Indigo,39144.49,2018-11-12,26
868,MINI,Cooper,2006,Green,53496.11,2019-04-11,18
869,Honda,Odyssey,2003,Puce,65871.16,2019-06-30,28
870,Cadillac,SRX,2011,Orange,85553.80,2019-08-13,23
871,Ford,F350,1992,Goldenrod,76435.63,2019-06-03,61
872,Mercedes-Benz,CLS-Class,2011,Goldenrod,62025.54,2019-07-22,10
873,Pontiac,Sunbird,1983,Yellow,29316.13,2019-03-25,47
874,Rolls-Royce,Phantom,2010,Aquamarine,62069.36,2018-11-07,5
875,GMC,Yukon,1994,Khaki,78768.14,2019-08-07,62
876,BMW,745,2005,Blue,31680.92,2019-09-08,73
877,Chevrolet,TrailBlazer,2002,Fuscia,27431.74,2019-04-06,92
878,GMC,Safari,1998,Orange,44735.13,2019-03-07,63
879,Chevrolet,Silverado 1500,2005,Turquoise,99050.13,2019-09-20,37
880,Dodge,Caravan,1992,Aquamarine,45517.77,2018-11-12,4
881,BMW,525,2001,Puce,38804.14,2019-09-17,55
882,Jeep,Compass,2009,Indigo,70422.55,2019-06-19,94
883,Jeep,Grand Cherokee,2009,Goldenrod,53300.61,2019-05-25,94
884,GMC,Yukon,2001,Turquoise,71747.85,2019-08-24,38
885,Subaru,Outback Sport,2002,Purple,46694.08,2019-01-19,7
886,MINI,Cooper,2004,Pink,85503.57,2018-11-21,53
887,Ford,Bronco,1990,Indigo,60496.14,2019-04-30,12
888,Acura,NSX,1994,Yellow,20224.57,2018-10-17,3
889,Nissan,Maxima,2001,Puce,22821.99,2019-03-07,87
890,Buick,LeSabre,1998,Pink,30308.33,2018-11-14,49
891,Volkswagen,Jetta,2012,Pink,11142.58,2018-10-03,41
892,Chevrolet,Astro,1992,Goldenrod,51654.37,2018-10-07,46
893,Mitsubishi,Galant,2006,Blue,43813.69,2019-04-01,35
894,Chevrolet,TrailBlazer,2008,Turquoise,14092.00,2019-07-30,27
895,Chevrolet,Silverado 1500,2005,Indigo,50410.15,2019-02-20,78
896,Lexus,LS,1990,Indigo,48948.34,2018-10-07,7
897,Lincoln,Continental,1987,Yellow,48403.15,2018-11-16,64
898,Mercury,Marauder,2004,Yellow,90643.41,2019-01-03,84
899,GMC,Yukon XL 2500,2012,Purple,26870.65,2019-03-31,43
900,Honda,Civic,2011,Violet,29633.62,2019-07-28,33
901,Jeep,Cherokee,1995,Purple,51193.78,2019-04-23,88
902,Lincoln,Navigator L,2010,Green,76569.87,2018-12-30,35
903,Mercury,Grand Marquis,1987,Puce,10400.26,2018-11-09,11
904,Honda,Odyssey,1995,Turquoise,71396.37,2019-04-04,72
905,Toyota,Tacoma Xtra,2002,Maroon,92298.27,2019-06-11,24
906,Chevrolet,Corvette,2010,Blue,28033.20,2018-11-07,88
907,Dodge,D150,1992,Khaki,66596.09,2019-07-01,58
908,Lamborghini,Murciélago,2004,Mauv,40344.65,2019-07-03,27
909,Volvo,XC90,2007,Pink,99237.84,2018-11-14,30
910,Honda,Accord,2004,Crimson,63989.31,2019-04-24,25
911,BMW,X3,2008,Puce,82208.15,2019-07-04,99
912,Mitsubishi,Lancer,2003,Aquamarine,81348.48,2019-02-08,8
913,Acura,TL,2012,Teal,41690.91,2019-05-27,1
914,BMW,525,2004,Pink,84574.23,2019-06-11,65
915,Subaru,Legacy,2005,Fuscia,37926.34,2018-12-10,46
916,Suzuki,Kizashi,2010,Yellow,28784.07,2019-03-29,12
917,Toyota,Celica,2004,Violet,19226.77,2019-02-26,45
918,Dodge,Aries,1981,Purple,24872.53,2018-11-29,57
919,GMC,Safari,1996,Green,44638.62,2019-01-22,89
920,Mercedes-Benz,CLK-Class,2006,Teal,24250.50,2018-12-19,18
921,Chevrolet,Camaro,1998,Khaki,20473.20,2019-06-14,58
922,Nissan,Quest,1998,Puce,15703.62,2019-09-19,71
923,Chevrolet,S10,1994,Pink,34253.85,2019-09-07,18
924,Suzuki,SJ,1995,Pink,75364.22,2019-04-17,49
925,Subaru,XT,1988,Orange,23645.80,2018-12-18,2
926,Chevrolet,Suburban 1500,2003,Orange,61703.62,2019-06-04,69
927,Infiniti,G25,2012,Pink,16584.26,2019-09-16,82
928,Ford,Ranger,2005,Yellow,55943.84,2019-08-08,93
929,Ford,Thunderbird,1986,Orange,71815.42,2019-06-15,83
930,Porsche,911,2003,Khaki,44832.36,2019-04-21,80
931,MINI,MINI,2002,Red,25504.58,2019-02-03,94
932,Pontiac,GTO,2006,Red,40728.25,2019-03-28,51
933,Toyota,Corolla,2005,Yellow,13798.41,2019-08-01,14
934,Infiniti,G,2011,Indigo,64057.50,2019-01-26,53
935,Acura,Integra,2001,Indigo,71032.11,2019-03-25,28
936,Volvo,V70,1999,Khaki,42578.22,2019-02-09,6
937,Volkswagen,Quantum,1984,Red,35973.50,2018-11-23,91
938,Toyota,Sequoia,2012,Crimson,17368.61,2018-11-08,59
939,Smart,Fortwo,2008,Goldenrod,12193.86,2019-05-30,48
940,Pontiac,Sunfire,1999,Red,72276.83,2019-09-19,22
941,Ford,Club Wagon,1992,Yellow,92107.67,2018-11-01,44
942,Mercedes-Benz,SL-Class,2006,Violet,53073.82,2019-06-28,82
943,Dodge,Grand Caravan,1999,Turquoise,22580.05,2019-04-05,56
944,Volkswagen,GTI,1993,Khaki,23024.96,2018-11-13,71
945,Ford,Taurus,1990,Aquamarine,67265.74,2019-06-17,86
946,Ford,Freestar,2005,Indigo,38802.16,2019-04-07,4
947,Subaru,Impreza,2011,Khaki,84112.69,2019-07-29,19
948,Mercedes-Benz,500E,1992,Goldenrod,88628.94,2019-06-14,65
949,Suzuki,XL7,2009,Mauv,73307.28,2018-11-05,81
950,Lexus,SC,1993,Red,38206.62,2019-08-31,10
951,GMC,Savana 1500,1999,Crimson,63341.39,2019-02-15,16
952,Honda,Pilot,2006,Pink,53624.40,2018-12-14,20
953,Infiniti,Q,1997,Green,57670.19,2019-08-24,14
954,Chevrolet,Suburban 1500,2008,Purple,11498.32,2019-03-05,83
955,Infiniti,QX,2005,Green,14736.90,2019-02-19,76
956,GMC,Sonoma Club Coupe,1997,Green,36967.08,2019-07-24,75
957,Volvo,S70,1999,Indigo,38768.80,2019-04-20,56
958,Honda,CR-Z,2012,Fuscia,78916.05,2018-12-04,98
959,Mercury,Tracer,1996,Indigo,39707.18,2019-02-27,73
960,Pontiac,Firefly,1986,Crimson,95712.09,2019-01-11,57
961,Audi,TT,2009,Yellow,77567.64,2019-07-03,47
962,Chevrolet,Express 2500,1997,Mauv,74823.18,2018-11-18,45
963,Ford,Crown Victoria,2005,Pink,46258.43,2019-01-27,75
964,Mercury,Mystique,1998,Mauv,23289.15,2018-10-29,68
965,Hyundai,Equus,2011,Mauv,85136.81,2019-09-04,66
966,Pontiac,G8,2009,Teal,49200.72,2019-06-15,30
967,Audi,4000s Quattro,1986,Yellow,42295.91,2018-11-16,96
968,Oldsmobile,Custom Cruiser,1992,Turquoise,81029.97,2019-06-03,32
969,Ford,E-Series,2006,Maroon,69116.39,2019-06-16,25
970,Mazda,Mazdaspeed 3,2008,Red,57217.11,2019-05-15,14
971,Toyota,Highlander Hybrid,2007,Pink,89968.75,2018-12-23,69
972,Nissan,Frontier,2003,Khaki,59774.14,2019-02-14,48
973,Suzuki,XL7,2007,Mauv,77532.74,2019-05-14,26
974,Plymouth,Grand Voyager,1996,Yellow,83365.20,2019-09-21,79
975,Dodge,Dynasty,1992,Orange,91462.53,2019-08-31,81
976,Ford,Crown Victoria,1992,Mauv,17249.71,2018-12-12,6
977,Porsche,911,2003,Indigo,75742.71,2019-03-01,70
978,Pontiac,Grand Prix,1996,Fuscia,71122.13,2019-08-24,54
979,Lexus,RX,2006,Red,76886.13,2019-08-25,92
980,Acura,MDX,2001,Pink,33596.88,2019-07-02,24
981,Buick,Riviera,1993,Turquoise,96350.11,2019-01-26,94
982,Dodge,Dakota Club,1995,Maroon,66722.76,2018-10-29,40
983,Chevrolet,Equinox,2009,Khaki,19645.60,2019-01-18,84
984,Pontiac,Vibe,2008,Maroon,89160.89,2019-07-21,38
985,Chevrolet,Suburban 2500,2007,Teal,28860.83,2018-10-28,90
986,Honda,Accord,1996,Orange,50116.95,2019-02-25,69
987,Cadillac,Allante,1992,Mauv,39280.01,2019-08-14,58
988,Ford,Aerostar,1994,Purple,84714.44,2018-10-17,27
989,Honda,Element,2004,Yellow,60362.82,2019-06-11,75
990,Lincoln,Continental,1995,Pink,64865.37,2018-12-14,55
991,Dodge,Caliber,2012,Aquamarine,43883.32,2019-08-25,16
992,Toyota,Land Cruiser,1996,Puce,92619.40,2019-03-01,36
993,Dodge,Viper,1997,Indigo,61528.61,2019-02-19,90
994,Nissan,Sentra,2004,Indigo,25757.48,2019-06-04,61
995,Mitsubishi,Eclipse,2003,Mauv,76302.26,2019-01-02,5
996,Pontiac,Firefly,1988,Orange,36805.23,2019-03-26,0
997,Lincoln,MKX,2008,Pink,38477.47,2018-12-31,6
998,Dodge,Ram 3500,2010,Blue,48485.27,2018-11-19,78
999,Acura,Integra,1993,Goldenrod,65043.75,2019-02-17,8
1000,GMC,Savana 2500,2006,Pink,57053.59,2019-08-25,66
